Scenario,Incremental_Costs,Incremental_QALYs,ICER
1: 50% Enzyme (Carrier),1958106.9081545097,8.108766862048745,241480.23262562742
2: 30% Enzyme,2210733.686780382,5.825739880231618,379476.8960217442
3: 15% Enzyme (Minimal),2753407.3110072063,2.372357961303175,1160620.511710094
