Scenario,Incremental_Costs,Incremental_QALYs,ICER
1: Stabilization (0%),2258436.649689786,6.879432082251814,328288.23988484556
2: 70% Reduction,2515603.0360364085,3.938743001403221,638681.6898538942
3: 40% Reduction,2801836.227908179,1.9371260051272996,1446388.216611678
