Scenario,Incremental_Costs,Incremental_QALYs,ICER
1: Optimistic,2539286.033398224,8.20978984129778,309299.7607106616
2: Realistic,2570806.9321245723,7.8601182541716845,327069.75251423736
3: Conservative,2682034.40861131,6.4800122626028305,413893.4156173982
4: Pessimistic,2849858.546442906,4.134969240960743,689209.1283805423
5: Treatment Waning,2632224.7777894796,7.206728058418708,365245.470129067
