Scenario,Incremental_Costs,Incremental_QALYs,ICER
1: 50% Enzyme (Carrier),2514638.651996698,3.3941249190560505,740879.8179107831
2: 30% Enzyme,2591599.427549254,2.697418575864413,960770.2159160641
3: 15% Enzyme (Minimal),2838253.800821672,1.2782066371099265,2220496.841761885
