Scenario,Incremental_Costs,Incremental_QALYs,ICER
1: Carrier-Equivalent,2213677.6272843173,10.859526365157755,203846.60922107898
2: Subthreshold,2812899.6643237043,3.2285543410171247,871256.7196367919
3: Minimal Benefit,3140400.0536496853,0.4400931587604866,7135762.033871551
