Scenario,Incremental_Costs,Incremental_QALYs,ICER
1: 50% Enzyme (Carrier),2032851.1106579725,5.035074662152493,403738.02715150395
2: 30% Enzyme,2305190.9189434964,3.3999209202641882,678013.0988353615
3: 15% Enzyme (Minimal),2766555.4316821815,1.3930668347452304,1985945.9450760237
