Scenario,Incremental_Costs,Incremental_QALYs,ICER
1: Carrier-Equivalent,2061690.4670730832,6.912291563211236,298264.3958547498
2: Subthreshold,2728126.3070994345,2.563651509061403,1064156.457091256
3: Minimal Benefit,3073382.7164715864,0.6696087251792022,4589818.801493485
