Age_at_Treatment,Starting_eGFR,Baseline_QALYs,Treatment_QALYs,Incremental_QALYs,Incremental_Costs,ICER,Time_to_ESKD_Baseline,Time_to_ESKD_Treatment
3,80,6.9723304313662595,12.75164406273817,5.779313631371911,2407687.2961657187,416604.3668396959,8,100
5,70,5.872211980486357,12.75164406273817,6.879432082251814,2258436.649689786,328288.23988484556,5,100
7,60,10.096182848428764,12.75164406273817,2.6554612143094065,2816513.860866683,1060649.594763206,21,100
10,50,5.033040454712304,11.20710495492166,6.174064500209355,2200919.0810845234,356478.1483915325,3,100
15,40,4.936005707278964,9.113563174605767,4.177557467326803,2379700.443784301,569639.1880653311,3,100
