Parameter,Low Value,High Value,ICER at Low,ICER at Base,ICER at High,Range,Base to Low Change,Base to High Change
discount_rate,0.0,0.07,56127.558391995975,229994.7137804246,2746995.064350381,2690867.505958385,173867.1553884286,2517000.3505699565
gene_therapy_cost,2000000.0,4000000.0,111272.89950235869,229994.7137804246,348716.52805849025,237443.62855613156,118721.8142780659,118721.81427806566
utility_CKD2,0.65,0.8,196904.68363035444,229994.7137804246,125583.39403927342,71321.28959108102,33090.030150070146,104411.31974115116
utility_ESKD,0.3,0.5,229994.7137804246,229994.7137804246,229994.7137804246,0.0,0.0,0.0
cost_ESKD,100000.0,200000.0,229994.7137804246,229994.7137804246,229994.7137804246,0.0,0.0,0.0
natural_decline_rate,3.0,5.0,229994.7137804246,229994.7137804246,229994.7137804246,0.0,0.0,0.0
