Parameter,Low Value,High Value,ICER at Low,ICER at Base,ICER at High,Range,Base to Low Change,Base to High Change
discount_rate,0.0,0.07,113792.85016436782,328288.23988484556,681690.0465195283,567897.1963551604,214495.38972047775,353401.8066346827
gene_therapy_cost,2000000.0,4000000.0,182927.40369316467,328288.23988484556,473649.0760765263,290721.6723833616,145360.8361916809,145360.83619168075
utility_CKD2,0.65,0.8,400454.1182920989,328288.23988484556,272222.76278496464,128231.35550713429,72165.87840725336,56065.477099880925
utility_ESKD,0.3,0.5,328288.23988484556,328288.23988484556,328288.23988484556,0.0,0.0,0.0
cost_ESKD,100000.0,200000.0,328288.23988484556,328288.23988484556,328288.23988484556,0.0,0.0,0.0
natural_decline_rate,3.0,5.0,328288.23988484556,328288.23988484556,328288.23988484556,0.0,0.0,0.0
