Parameter,Low Value,High Value,ICER at Low,ICER at Base,ICER at High,Range,Base to Low Change,Base to High Change
discount_rate,0.0,0.07,56127.558391995975,724799.091816714,2746995.064350381,2690867.505958385,668671.5334247181,2022195.972533667
gene_therapy_cost,2000000.0,4000000.0,435987.00112262694,724799.091816714,1013611.1825108005,577624.1813881736,288812.0906940871,288812.0906940865
utility_CKD2,0.65,0.8,579064.3342048463,724799.091816714,322833.37864007347,256230.95556477283,145734.75761186774,401965.71317664057
utility_ESKD,0.3,0.5,724799.091816714,724799.091816714,724799.091816714,0.0,0.0,0.0
cost_ESKD,100000.0,200000.0,724799.091816714,724799.091816714,724799.091816714,0.0,0.0,0.0
natural_decline_rate,3.0,5.0,724799.091816714,724799.091816714,724799.091816714,0.0,0.0,0.0
