Parameter,Low Value,High Value,ICER at Low,ICER at Base,ICER at High,Range,Base to Low Change,Base to High Change
discount_rate,0.0,0.07,86363.09105129789,203846.60922107898,1847291.3651520282,1760928.2741007302,117483.51816978109,1643444.7559309492
gene_therapy_cost,2000000.0,4000000.0,111761.56182817889,203846.60922107898,295931.65661397926,184170.09478580038,92085.04739290009,92085.04739290028
utility_CKD2,0.65,0.8,181732.77414923513,203846.60922107898,127244.13068978245,54488.64345945268,22113.835071843845,76602.47853129653
utility_ESKD,0.3,0.5,203846.60922107898,203846.60922107898,203846.60922107898,0.0,0.0,0.0
cost_ESKD,100000.0,200000.0,203846.60922107898,203846.60922107898,203846.60922107898,0.0,0.0,0.0
natural_decline_rate,3.0,5.0,203846.60922107898,203846.60922107898,203846.60922107898,0.0,0.0,0.0
