Parameter,Base_ICER,Low_Value,High_Value,Low_ICER,High_ICER,Low_Diff,High_Diff,Total_Range
utility_ESKD,363343.77482666395,0.3,0.5,363343.77482666395,363343.77482666395,0.0,0.0,0.0
cost_ESKD,363343.77482666395,100000.0,200000.0,363343.77482666395,363343.77482666395,0.0,0.0,0.0
natural_decline_rate,363343.77482666395,3.0,5.0,363343.77482666395,363343.77482666395,0.0,0.0,0.0
utility_CKD2,363343.77482666395,0.65,0.8,313519.91717710847,203414.4161984636,49823.85764955549,-159929.35862820037,110105.50097864488
gene_therapy_cost,363343.77482666395,2000000.0,4000000.0,180974.6733420191,545712.8763113084,182369.10148464487,182369.1014846444,364738.20296928927
discount_rate,363343.77482666395,0.0,0.07,19723.96109121714,1162694.618014692,343619.81373544683,799350.8431880281,1142970.656923475
