Parameter,Base_ICER,Low_Value,High_Value,Low_ICER,High_ICER,Low_Diff,High_Diff,Total_Range
utility_ESKD,724799.091816714,0.3,0.5,724799.091816714,724799.091816714,0.0,0.0,0.0
cost_ESKD,724799.091816714,100000.0,200000.0,724799.091816714,724799.091816714,0.0,0.0,0.0
natural_decline_rate,724799.091816714,3.0,5.0,724799.091816714,724799.091816714,0.0,0.0,0.0
utility_CKD2,724799.091816714,0.65,0.8,579064.3342048463,322833.37864007347,145734.75761186774,-401965.71317664057,256230.95556477283
gene_therapy_cost,724799.091816714,2000000.0,4000000.0,435987.00112262694,1013611.1825108005,288812.0906940871,288812.0906940865,577624.1813881736
discount_rate,724799.091816714,0.0,0.07,56127.558391995975,2746995.064350381,668671.5334247181,2022195.972533667,2690867.505958385
