Parameter,Base_ICER,Low_Value,High_Value,Low_ICER,High_ICER,Low_Diff,High_Diff,Total_Range
utility_ESKD,229994.7137804246,0.3,0.5,229994.7137804246,229994.7137804246,0.0,0.0,0.0
cost_ESKD,229994.7137804246,100000.0,200000.0,229994.7137804246,229994.7137804246,0.0,0.0,0.0
natural_decline_rate,229994.7137804246,3.0,5.0,229994.7137804246,229994.7137804246,0.0,0.0,0.0
utility_CKD2,229994.7137804246,0.65,0.8,196904.68363035444,125583.39403927342,33090.030150070146,-104411.31974115116,71321.28959108102
gene_therapy_cost,229994.7137804246,2000000.0,4000000.0,111272.89950235869,348716.52805849025,118721.8142780659,118721.81427806566,237443.62855613156
discount_rate,229994.7137804246,0.0,0.07,56127.558391995975,2746995.064350381,173867.1553884286,2517000.3505699565,2690867.505958385
