Parameter,Base_ICER,Low_Value,High_Value,Low_ICER,High_ICER,Low_Diff,High_Diff,Total_Range
utility_ESKD,203846.60922107898,0.3,0.5,203846.60922107898,203846.60922107898,0.0,0.0,0.0
cost_ESKD,203846.60922107898,100000.0,200000.0,203846.60922107898,203846.60922107898,0.0,0.0,0.0
natural_decline_rate,203846.60922107898,3.0,5.0,203846.60922107898,203846.60922107898,0.0,0.0,0.0
utility_CKD2,203846.60922107898,0.65,0.8,181732.77414923513,127244.13068978245,22113.835071843845,-76602.47853129653,54488.64345945268
gene_therapy_cost,203846.60922107898,2000000.0,4000000.0,111761.56182817889,295931.65661397926,92085.04739290009,92085.04739290028,184170.09478580038
discount_rate,203846.60922107898,0.0,0.07,86363.09105129789,1847291.3651520282,117483.51816978109,1643444.7559309492,1760928.2741007302
