Parameter,Base_ICER,Low_Value,High_Value,Low_ICER,High_ICER,Low_Diff,High_Diff,Total_Range
utility_ESKD,328288.23988484556,0.3,0.5,328288.23988484556,328288.23988484556,0.0,0.0,0.0
cost_ESKD,328288.23988484556,100000.0,200000.0,328288.23988484556,328288.23988484556,0.0,0.0,0.0
natural_decline_rate,328288.23988484556,3.0,5.0,328288.23988484556,328288.23988484556,0.0,0.0,0.0
utility_CKD2,328288.23988484556,0.65,0.8,400454.1182920989,272222.76278496464,-72165.87840725336,-56065.477099880925,128231.35550713429
gene_therapy_cost,328288.23988484556,2000000.0,4000000.0,182927.40369316467,473649.0760765263,145360.8361916809,145360.83619168075,290721.6723833616
discount_rate,328288.23988484556,0.0,0.07,113792.85016436782,681690.0465195283,214495.38972047775,353401.8066346827,567897.1963551604
