Scenario,Incremental QALYs,evLYG,Life Years Gained,$100K/QALY,$150K/QALY,$300K/QALY
Scenario 1: 50% Enzyme (Carrier),3.3941249190560505,6.263667670691674,19.313210350286056,824773.8399089068,994480.0858617093,1503598.8237201169
Scenario 2: 30% Enzyme,2.697418575864413,4.977935088100416,13.580769134108742,678142.4300371872,813013.3588304077,1217626.1452100696
Scenario 3: 15% Enzyme (Minimal),1.2782066371099265,2.3588588458776036,4.890793900633696,289566.8628893205,353477.19474481675,545208.1903113057
