Scenario,Incremental QALYs,evLYG,Life Years Gained,$100K/QALY,$150K/QALY,$300K/QALY
Scenario 1: 50% Enzyme (Carrier),5.035074662152493,9.291948626809676,21.295792068783015,1470656.3555572769,1722410.0886649014,2477671.287987775
Scenario 2: 30% Enzyme,3.3999209202641882,6.27436386669285,10.441650246394047,1034801.1730829221,1204797.2190961316,1714785.3571357597
Scenario 3: 15% Enzyme (Minimal),1.3930668347452304,2.570826915331452,3.35381044179546,372751.25179234124,442404.59352960275,651364.6187413873
