Scenario,Incremental QALYs,evLYG,Life Years Gained,$100K/QALY,$150K/QALY,$300K/QALY
Scenario 1: 50% Enzyme (Carrier),8.108766862048745,14.964275639305642,19.313210350286056,1852769.7780503647,2258208.121152802,3474523.150460114
Scenario 2: 30% Enzyme,5.825739880231618,10.751077056944162,13.580769134108742,1371840.30124278,1663127.295254361,2536988.2772891037
Scenario 3: 15% Enzyme (Minimal),2.372357961303175,4.378053907825929,4.890793900633696,483828.4851231114,602446.3831882701,958300.0773837464
