Scenario,Incremental QALYs,evLYG,Life Years Gained,$100K/QALY,$150K/QALY,$300K/QALY,$100K/evLYG,$150K/evLYG,$300K/evLYG
Scenario 1: Optimistic,8.20978984129778,15.150707896281949,25.088601718104755,1281692.950731554,1692182.4427964431,2923650.9189911103,1975784.7562299708,2733320.1510440684,5005926.335486361
Scenario 2: Realistic,7.8601182541716845,14.505408542877388,24.104682731490406,1215204.893292596,1608210.8060011803,2787228.544126933,1879733.9221631666,2605004.349307036,4780815.630738644
Scenario 3: Conservative,6.4800122626028305,11.958500138598072,18.85519258804682,965966.8176489729,1289967.4307791144,2261969.270169539,1513815.605248497,2111740.6121784006,3905515.6329681114
Scenario 4: Pessimistic,4.134969240960743,7.630854423918326,10.808709878577162,563638.3776531684,770386.8397012055,1390632.225845317,913226.8959489267,1294769.6171448429,2439397.7807325916
Scenario 5: Treatment Waning,7.206728058418708,13.299613487277893,21.641882310106915,1088448.0280523913,1448784.4309733266,2529793.6397361327,1697736.5709383097,2362717.2453022045,4357659.268393889
