Scenario,Incremental QALYs,evLYG,Life Years Gained,$100K/QALY,$150K/QALY,$300K/QALY
Scenario 1: Carrier-Equivalent,10.859526365157755,20.040648424743264,30.697408605033797,1872275.0092314582,2415251.3274893463,4044180.2822630093
Scenario 2: Subthreshold,3.2285543410171247,5.95811643094279,7.070556830469794,509955.76977800817,671383.4868288643,1155666.637981433
Scenario 3: Minimal Benefit,0.4400931587604866,0.8121673056710249,0.8651904679441849,0.0,0.0,0.0
