Scenario,Incremental QALYs,evLYG,Life Years Gained,$100K/QALY,$150K/QALY,$300K/QALY
Scenario 1: Carrier-Equivalent,6.912291563211236,12.756247406156836,16.413969289134023,1629538.6892480403,1975153.2674086022,3011997.0018902877
Scenario 2: Subthreshold,2.563651509061403,4.731075449248264,5.280434889975901,528238.843806706,656421.4192597761,1040969.1456189866
Scenario 3: Minimal Benefit,0.6696087251792022,1.2357254443906847,1.300080765646591,0.0,27058.592305294194,127499.90108217453
